{"cameraMode":{"drawMode":0,"name":"Shaded","section":"Shading Mode"},"sceneLighting":false,"audioPlay":false,"sceneViewState":{"m_AlwaysRefresh":false,"showFog":true,"showSkybox":false,"showFlares":true,"showImageEffects":true,"showParticleSystems":true,"showVisualEffectGraphs":true,"m_FxEnabled":true},"in2DMode":false,"pivot":{"x":17.385557174682618,"y":0.11092162132263184,"z":13.90471363067627},"rotation":{"x":-0.05591615289449692,"y":0.9293897151947022,"z":-0.15791063010692597,"w":-0.32896101474761965},"size":4.038544178009033,"orthographic":false}