{"cameraMode":{"drawMode":0,"name":"Shaded","section":"Shading Mode"},"sceneLighting":false,"audioPlay":false,"sceneViewState":{"m_AlwaysRefresh":false,"showFog":true,"showSkybox":false,"showFlares":true,"showImageEffects":true,"showParticleSystems":true,"showVisualEffectGraphs":true,"m_FxEnabled":true},"in2DMode":false,"pivot":{"x":-0.00738365575671196,"y":-0.009911905974149704,"z":0.014045324176549912},"rotation":{"x":-0.20246033370494843,"y":0.44575950503349306,"z":-0.10446743667125702,"w":-0.8658276796340942},"size":0.055964332073926929,"orthographic":false}